<?xml version="1.0" encoding="UTF-8"?>
<feature
      id="org.eclipse.epf.rcp.feature"
      label="%featureName"
      version="1.5.0.v20080821-1403"
      provider-name="%providerName"
      plugin="org.eclipse.epf.rcp"
      image="eclipse_update_120.jpg">

   <description>
      %description
   </description>

   <copyright>
      %copyright
   </copyright>

   <license url="%licenseURL">
      %licenseText
   </license>

   <requires>
      <import plugin="org.eclipse.epf.authoring.ui"/>
      <import plugin="org.eclipse.epf.library.ui"/>
      <import plugin="org.eclipse.core.resources"/>
      <import plugin="org.eclipse.core.runtime"/>
      <import plugin="org.eclipse.emf.edit"/>
      <import plugin="org.eclipse.ui"/>
      <import plugin="org.eclipse.ui.ide"/>
      <import plugin="org.eclipse.ui.intro"/>
      <import plugin="org.eclipse.help.ui"/>
      <import plugin="org.eclipse.help.webapp"/>
      <import plugin="org.eclipse.tomcat"/>
      <import plugin="org.eclipse.epf.publishing.ui"/>
      <import plugin="org.eclipse.epf.common.ui"/>
   </requires>

   <plugin
         id="org.eclipse.epf.rcp.ui"
         download-size="0"
         install-size="0"
         version="1.5.0.v20081126_1021"
         unpack="false"/>

   <plugin
         id="org.eclipse.epf.rcp"
         download-size="0"
         install-size="0"
         version="1.5.0.v20081126_1021"
         unpack="false"/>

</feature>
