<?xml version="1.0" encoding="UTF-8"?>
<feature
      id="org.eclipse.epf.richtext.feature"
      label="%featureName"
      version="1.5.0.v20080820-1636"
      provider-name="%providerName"
      plugin="org.eclipse.epf.richtext"
      image="eclipse_update_120.jpg">

   <description>
      %description
   </description>

   <copyright>
      %copyright
   </copyright>

   <license url="%licenseURL">
      %licenseText
   </license>

   <requires>
      <import plugin="org.eclipse.swt"/>
      <import plugin="org.eclipse.core.runtime"/>
      <import plugin="org.eclipse.ui"/>
      <import plugin="org.eclipse.ui.forms"/>
      <import plugin="org.eclipse.jface.text"/>
      <import plugin="org.eclipse.ui.workbench.texteditor"/>
      <import plugin="com.ibm.icu"/>
      <import plugin="org.eclipse.core.resources"/>
      <import plugin="org.apache.ant"/>
      <import plugin="org.eclipse.osgi"/>
   </requires>
<!--
   <plugin
         id="org.eclipse.epf.common.win32.win32.x86"
         os="win32"
         ws="win32"
         arch="x86"
         download-size="0"
         install-size="0"
         version="0.0.0"
         unpack="false"/>
-->
   <plugin
         id="org.eclipse.epf.richtext"
         download-size="0"
         install-size="0"
         version="1.5.0.v20081126_1021"/>

   <plugin
         id="org.eclipse.epf.common"
         download-size="0"
         install-size="0"
         version="1.5.0.v20081120-1356"/>

   <plugin
         id="org.eclipse.epf.common.ui"
         download-size="0"
         install-size="0"
         version="1.5.0.v20080903-1009"
         unpack="false"/>

</feature>
