<?xml version="1.0" encoding="UTF-8"?>
<feature
      id="org.eclipse.epf.platform.feature"
      label="%featureName"
      version="1.2.0.v20080820-1636"
      provider-name="%providerName"
      plugin="org.eclipse.epf.platform"
      image="eclipse_update_120.jpg">

   <description>
      %description
   </description>

   <copyright>
      %copyright
   </copyright>

   <license url="%licenseURL">
      %licenseText
   </license>

   <requires>
      <import plugin="org.apache.lucene" version="1.9.1" match="compatible"/>
      <import plugin="org.eclipse.core.variables" version="3.1.0" match="compatible"/>
      <import plugin="org.eclipse.core.runtime" version="3.2.0" match="compatible"/>
      <import plugin="org.eclipse.ui" version="3.3.0" match="compatible"/>
      <import plugin="org.eclipse.core.resources" version="3.3.0" match="compatible"/>
      <import plugin="org.eclipse.jface.text" version="3.3.0" match="compatible"/>
      <import plugin="org.eclipse.ui.ide" version="3.3.0" match="compatible"/>
      <import plugin="org.eclipse.ui.views" version="3.2.0" match="compatible"/>
      <import plugin="org.eclipse.ui.workbench.texteditor" version="3.3.0" match="compatible"/>
      <import plugin="org.eclipse.core.expressions" version="3.2.0" match="compatible"/>
      <import plugin="org.eclipse.ui.editors" version="3.3.0" match="compatible"/>
      <import plugin="org.eclipse.ui.forms" version="3.2.0" match="compatible"/>
      <import plugin="org.eclipse.text" version="3.3.0" match="compatible"/>
      <import plugin="org.eclipse.core.filesystem" version="1.1.0" match="compatible"/>
      <import plugin="org.eclipse.core.runtime" version="3.3.0" match="compatible"/>
      <import plugin="org.eclipse.core.expressions" version="3.1.0" match="compatible"/>
      <import plugin="org.eclipse.core.filesystem" version="1.0.0" match="compatible"/>
      <import plugin="org.eclipse.update.configurator" version="3.1.100" match="compatible"/>
      <import plugin="org.eclipse.core.variables" version="3.2.0" match="compatible"/>
      <import plugin="org.eclipse.core.expressions" version="3.3.0" match="compatible"/>
      <import plugin="org.eclipse.ui.console" version="3.2.0" match="compatible"/>
      <import plugin="org.eclipse.help" version="3.3.0" match="compatible"/>
      <import plugin="org.eclipse.debug.core" version="3.3.0" match="compatible"/>
      <import plugin="org.eclipse.help.base" version="3.1.0" match="compatible"/>
      <import plugin="org.eclipse.core.runtime" version="3.1.0" match="compatible"/>
      <import plugin="org.apache.lucene.analysis" version="1.9.1" match="compatible"/>
      <import plugin="org.eclipse.help.base" version="3.3.0" match="compatible"/>
      <import plugin="org.eclipse.ui" version="3.2.0" match="compatible"/>
      <import plugin="org.eclipse.core.filebuffers" version="3.3.0" match="compatible"/>
      <import plugin="org.eclipse.core.resources" version="3.2.0" match="compatible"/>
      <import plugin="org.eclipse.core.commands" version="3.2.0" match="compatible"/>
      <import plugin="org.eclipse.ltk.core.refactoring" version="3.3.0" match="compatible"/>
      <import plugin="org.eclipse.ui.navigator" version="3.2.0" match="compatible"/>
      <import plugin="org.eclipse.compare" version="3.3.0" match="compatible"/>
      <import plugin="org.eclipse.team.core" version="3.2.0" match="compatible"/>
      <import plugin="org.eclipse.team.ui" version="3.3.0" match="compatible"/>
      <import plugin="org.eclipse.ui.intro" version="3.2.0" match="compatible"/>
      <import plugin="org.eclipse.ui.ide.application" version="1.0.0" match="compatible"/>
      <import plugin="org.eclipse.team.core" version="3.3.0" match="compatible"/>
      <import plugin="org.eclipse.ui.forms" version="3.3.0" match="compatible"/>
      <import plugin="org.eclipse.ui.navigator" version="3.3.0" match="compatible"/>
      <import plugin="org.eclipse.ui.navigator.resources" version="3.2.0" match="compatible"/>
      <import plugin="org.eclipse.help.appserver" version="3.1.0" match="compatible"/>
      <import plugin="org.eclipse.equinox.common" version="3.3.0" match="compatible"/>
      <import plugin="org.eclipse.jface" version="3.3.0" match="compatible"/>
      <import plugin="org.eclipse.core.net" version="1.0.0" match="compatible"/>
      <import plugin="org.eclipse.help" version="3.2.0" match="compatible"/>
      <import plugin="org.eclipse.help" version="3.1.0" match="compatible"/>
      <import plugin="org.eclipse.jface" version="3.2.0" match="compatible"/>
      <import plugin="org.eclipse.ui.workbench" version="3.2.1" match="compatible"/>
      <import plugin="org.eclipse.ui" version="3.2.1" match="compatible"/>
      <import plugin="org.eclipse.ui.ide" version="3.2.0" match="compatible"/>
      <import plugin="org.eclipse.ui.navigator" version="3.2.1" match="compatible"/>
      <import plugin="org.eclipse.ui.views.properties.tabbed" version="3.2.0" match="compatible"/>
      <import plugin="org.eclipse.ui.workbench.texteditor" version="3.2.0" match="compatible"/>
      <import plugin="org.eclipse.update.core" version="3.1.100" match="compatible"/>
      <import plugin="org.eclipse.update.ui" version="3.1.100" match="compatible"/>
      <import plugin="org.eclipse.jface.text" version="3.2.0" match="compatible"/>
      <import plugin="org.eclipse.ui.navigator.resources" version="3.2.100" match="compatible"/>
      <import plugin="org.eclipse.update.configurator" version="3.1.0" match="compatible"/>
      <import plugin="org.eclipse.update.core" version="3.1.0" match="compatible"/>
      <import plugin="org.eclipse.update.ui" version="3.1.0" match="compatible"/>
      <import plugin="org.eclipse.equinox.common" version="3.2.0" match="compatible"/>
      <import plugin="org.eclipse.core.databinding" version="1.0.0" match="compatible"/>
      <import plugin="org.eclipse.osgi" version="3.2.0" match="compatible"/>
      <import plugin="org.eclipse.core.jobs" version="3.2.0" match="compatible"/>
      <import plugin="org.eclipse.equinox.registry" version="3.2.0" match="compatible"/>
      <import plugin="org.eclipse.equinox.preferences" version="3.2.0" match="compatible"/>
      <import plugin="org.eclipse.core.contenttype" version="3.2.0" match="compatible"/>
      <import plugin="org.eclipse.equinox.app" version="1.0.0" match="compatible"/>
      <import plugin="org.eclipse.swt" version="3.3.0" match="compatible"/>
      <import plugin="org.eclipse.core.commands" version="3.3.0" match="compatible"/>
      <import plugin="org.eclipse.swt" version="3.2.0" match="compatible"/>
      <import plugin="org.eclipse.ui.workbench" version="3.3.0" match="compatible"/>
      <import plugin="org.eclipse.jface.databinding" version="1.1.0" match="compatible"/>
      <import plugin="org.eclipse.ant.core" version="3.1.0" match="compatible"/>
      <import plugin="org.eclipse.core.filebuffers" version="3.2.0" match="compatible"/>
      <import plugin="org.eclipse.ui.console" version="3.1.0" match="compatible"/>
      <import plugin="org.eclipse.debug.core" version="3.2.0" match="compatible"/>
      <import plugin="org.eclipse.debug.ui" version="3.2.0" match="compatible"/>
      <import plugin="org.eclipse.jdt.ui" version="3.2.0" match="compatible"/>
      <import plugin="org.eclipse.jdt.launching" version="3.2.0" match="compatible"/>
      <import plugin="org.eclipse.jdt.core" version="3.2.0" match="compatible"/>
      <import plugin="org.eclipse.ltk.core.refactoring" version="3.2.0" match="compatible"/>
      <import plugin="org.eclipse.text" version="3.1.0" match="compatible"/>
      <import plugin="org.eclipse.jdt.core" version="3.3.0" match="compatible"/>
      <import plugin="org.eclipse.jdt.debug" version="3.3.0" match="compatible"/>
      <import plugin="org.eclipse.search" version="3.3.0" match="compatible"/>
      <import plugin="org.eclipse.debug.ui" version="3.3.0" match="compatible"/>
      <import plugin="org.eclipse.jdt.launching" version="3.2.100" match="compatible"/>
      <import plugin="org.eclipse.ltk.ui.refactoring" version="3.3.0" match="compatible"/>
      <import plugin="org.eclipse.jdt.core.manipulation" version="1.1.0" match="compatible"/>
      <import plugin="org.eclipse.jsch.core" version="1.0.0" match="compatible"/>
      <import plugin="org.eclipse.team.cvs.core" version="3.2.0" match="compatible"/>
      <import plugin="org.eclipse.team.cvs.core" version="3.3.0" match="compatible"/>
      <import plugin="org.eclipse.team.cvs.ssh" version="3.2.0" match="compatible"/>
      <import plugin="org.eclipse.emf.common" version="2.3.2" match="compatible"/>
      <import plugin="org.eclipse.emf.ecore" version="2.3.2" match="compatible"/>
      <import plugin="org.eclipse.emf.edit" version="2.3.2" match="compatible"/>
      <import plugin="org.eclipse.emf.commonj.sdo" version="2.3.0" match="compatible"/>
      <import plugin="org.eclipse.emf.ecore" version="2.3.0" match="compatible"/>
      <import plugin="org.eclipse.emf.ecore.xmi" version="2.3.0" match="compatible"/>
      <import plugin="org.eclipse.emf.ecore.change" version="2.3.0" match="compatible"/>
      <import plugin="org.eclipse.emf.common.ui" version="2.3.1" match="compatible"/>
      <import plugin="org.eclipse.emf.ecore.edit" version="2.3.1" match="compatible"/>
      <import plugin="org.eclipse.emf.ecore.xmi" version="2.3.2" match="compatible"/>
      <import plugin="org.eclipse.emf.mapping" version="2.3.0" match="compatible"/>
      <import plugin="org.eclipse.ocl.ecore" version="1.1.0" match="compatible"/>
      <import plugin="org.eclipse.emf.ecore" version="2.2.0" match="compatible"/>
      <import plugin="com.ibm.icu" version="3.4.3" match="compatible"/>
      <import plugin="org.eclipse.emf.query" version="1.0.0" match="compatible"/>
      <import plugin="org.eclipse.emf.ocl" version="1.1.0" match="compatible"/>
      <import plugin="org.eclipse.emf.edit" version="2.2.0" match="compatible"/>
      <import plugin="org.eclipse.emf.ecore.change" version="2.2.0" match="compatible"/>
      <import plugin="org.eclipse.emf.validation" version="1.0.0" match="compatible"/>
      <import plugin="org.eclipse.emf.edit.ui" version="2.2.0" match="compatible"/>
      <import plugin="org.eclipse.emf.transaction" version="1.0.0" match="compatible"/>
      <import plugin="org.eclipse.emf.ecore.edit" version="2.2.0" match="compatible"/>
      <import plugin="org.eclipse.emf.transaction" version="1.1.0" match="compatible"/>
      <import plugin="org.eclipse.emf.ecore" version="2.3.0" match="equivalent"/>
      <import plugin="org.eclipse.draw2d" version="3.2.0" match="compatible"/>
      <import plugin="org.eclipse.ui.workbench" version="3.2.0" match="compatible"/>
      <import plugin="com.ibm.icu" version="3.4.0" match="compatible"/>
      <import plugin="org.eclipse.gmf.runtime.common.core" version="1.0.0" match="compatible"/>
      <import plugin="org.eclipse.gmf.runtime.common.ui" version="1.0.0" match="compatible"/>
      <import plugin="org.eclipse.gmf.runtime.common.ui.services.action" version="1.0.0" match="compatible"/>
      <import plugin="org.eclipse.gmf.runtime.common.ui.action" version="1.0.0" match="compatible"/>
      <import plugin="org.eclipse.gmf.runtime.common.ui.services" version="1.0.0" match="compatible"/>
      <import plugin="org.eclipse.gmf.runtime.common.ui.services.dnd" version="1.0.0" match="compatible"/>
      <import plugin="org.eclipse.gmf.runtime.notation" version="1.0.0" match="compatible"/>
      <import plugin="org.eclipse.gmf.runtime.emf.core" version="1.0.0" match="compatible"/>
      <import plugin="org.eclipse.gmf.runtime.emf.type.core" version="1.0.0" match="compatible"/>
      <import plugin="org.eclipse.gef" version="3.2.0" match="compatible"/>
      <import plugin="org.eclipse.gmf.runtime.emf.commands.core" version="1.0.0" match="compatible"/>
      <import plugin="org.eclipse.gmf.runtime.emf.ui" version="1.0.0" match="compatible"/>
      <import plugin="org.eclipse.gmf.runtime.gef.ui" version="1.0.0" match="compatible"/>
      <import plugin="org.eclipse.emf.common" version="2.2.0" match="compatible"/>
      <import plugin="org.eclipse.gmf.runtime.diagram.core" version="1.0.0" match="compatible"/>
      <import plugin="org.eclipse.gmf.runtime.diagram.ui" version="1.0.0" match="compatible"/>
      <import plugin="org.eclipse.gmf.runtime.diagram.ui.providers" version="1.0.0" match="compatible"/>
      <import plugin="org.eclipse.gmf.runtime.diagram.ui.actions" version="1.0.0" match="compatible"/>
      <import plugin="org.eclipse.gmf.runtime.emf.ui.properties" version="1.0.0" match="compatible"/>
      <import plugin="org.eclipse.gmf.runtime.common.ui.services.properties" version="1.0.0" match="compatible"/>
      <import plugin="org.eclipse.gmf.runtime.diagram.ui.properties" version="1.0.0" match="compatible"/>
      <import plugin="org.eclipse.gmf.runtime.common.ui.action.ide" version="1.0.0" match="compatible"/>
      <import plugin="org.eclipse.gmf.runtime.draw2d.ui.render" version="1.0.0" match="compatible"/>
      <import plugin="org.eclipse.gmf.runtime.draw2d.ui.render.awt" version="1.0.0" match="compatible"/>
      <import plugin="org.eclipse.gmf.runtime.diagram.ui.resources.editor" version="1.0.0" match="compatible"/>
      <import plugin="org.eclipse.ui.editors" version="3.2.0" match="compatible"/>
      <import plugin="org.eclipse.gmf.runtime.draw2d.ui" version="1.0.0" match="compatible"/>
      <import plugin="org.eclipse.emf.ecore.xmi" version="2.2.0" match="compatible"/>
      <import plugin="org.eclipse.emf.workspace" version="1.0.0" match="compatible"/>
      <import plugin="org.eclipse.gmf.runtime.emf.clipboard.core" version="1.0.0" match="compatible"/>
      <import plugin="org.eclipse.gmf.runtime.common.ui.printing" version="1.0.0" match="compatible"/>
      <import plugin="org.eclipse.gmf.runtime.diagram.ui.printing" version="1.0.0" match="compatible"/>
      <import plugin="org.eclipse.uml2.common" version="1.3.0" match="compatible"/>
      <import plugin="org.eclipse.emf.ecore.edit" version="2.3.0" match="compatible"/>
      <import plugin="org.eclipse.uml2.common" version="1.2.0" match="compatible"/>
      <import plugin="org.eclipse.emf.mapping.ecore2xml" version="2.2.0" match="compatible"/>
      <import plugin="org.eclipse.uml2.uml" version="2.0.0" match="compatible"/>
      <import plugin="org.eclipse.uml2.common.edit" version="1.2.0" match="compatible"/>
   </requires>

   <plugin
         id="org.eclipse.epf.platform"
         download-size="0"
         install-size="0"
         version="1.2.0.v20080124-1611"
         unpack="false"/>

   <plugin
         id="com.jcraft.jsch"
         download-size="0"
         install-size="0"
         version="0.1.31"
         unpack="false"/>

   <plugin
         id="javax.servlet"
         download-size="0"
         install-size="0"
         version="2.4.0.v200706111738"
         unpack="false"/>

   <plugin
         id="javax.servlet.jsp"
         download-size="0"
         install-size="0"
         version="2.0.0.v200706191603"
         unpack="false"/>

   <plugin
         id="org.apache.jasper"
         download-size="0"
         install-size="0"
         version="5.5.17.v200706111724"
         unpack="false"/>

   <plugin
         id="org.apache.commons.el"
         download-size="0"
         install-size="0"
         version="1.0.0.v200706111724"
         unpack="false"/>

   <plugin
         id="org.apache.commons.logging"
         download-size="0"
         install-size="0"
         version="1.0.4.v200706111724"
         unpack="false"/>

   <plugin
         id="org.apache.ant"
         download-size="0"
         install-size="0"
         version="1.7.0.v200706080842"/>

   <plugin
         id="org.apache.lucene"
         download-size="0"
         install-size="0"
         version="1.9.1.v200706111724"
         unpack="false"/>

   <plugin
         id="org.apache.lucene.analysis"
         download-size="0"
         install-size="0"
         version="1.9.1.v200706181610"
         unpack="false"/>

   <plugin
         id="org.eclipse.ant.core"
         download-size="0"
         install-size="0"
         version="3.1.200.v20070522"
         unpack="false"/>

   <plugin
         id="org.eclipse.compare"
         download-size="0"
         install-size="0"
         version="3.3.2.r33x_20080128"
         unpack="false"/>

   <plugin
         id="org.eclipse.core.boot"
         download-size="0"
         install-size="0"
         version="3.1.100.v20060603"
         unpack="false"/>

   <plugin
         id="org.eclipse.core.filebuffers"
         download-size="0"
         install-size="0"
         version="3.3.1.r331_v20070829"
         unpack="false"/>

   <plugin
         id="org.eclipse.core.filesystem"
         download-size="0"
         install-size="0"
         version="1.1.0.v20070606"
         unpack="false"/>

   <plugin
         id="org.eclipse.core.net"
         download-size="0"
         install-size="0"
         version="1.0.1.r33x_20070709"
         unpack="false"/>

   <plugin
         id="org.eclipse.core.resources"
         download-size="0"
         install-size="0"
         version="3.3.1.R33x_v20080205"
         unpack="false"/>

   <plugin
         id="org.eclipse.core.resources.compatibility"
         download-size="0"
         install-size="0"
         version="3.2.100.v20070502"
         fragment="true"
         unpack="false"/>

   <plugin
         id="org.eclipse.core.runtime.compatibility"
         download-size="0"
         install-size="0"
         version="3.1.200.v20070502"
         unpack="false"/>

   <plugin
         id="org.eclipse.osgi.services"
         download-size="0"
         install-size="0"
         version="3.1.200.v20070605"
         unpack="false"/>

   <plugin
         id="org.eclipse.core.variables"
         download-size="0"
         install-size="0"
         version="3.2.0.v20070426"
         unpack="false"/>

   <plugin
         id="org.eclipse.debug.core"
         download-size="0"
         install-size="0"
         version="3.3.2.v20080117_r332"
         unpack="false"/>

   <plugin
         id="org.eclipse.debug.ui"
         download-size="0"
         install-size="0"
         version="3.3.2.v20080117_r332"
         unpack="false"/>

   <plugin
         id="org.eclipse.equinox.http.registry"
         download-size="0"
         install-size="0"
         version="1.0.1.R33x_v20071231"
         unpack="false"/>

   <plugin
         id="org.eclipse.equinox.http.jetty"
         download-size="0"
         install-size="0"
         version="1.0.1.R33x_v20070816"
         unpack="false"/>

   <plugin
         id="org.eclipse.equinox.http.servlet"
         download-size="0"
         install-size="0"
         version="1.0.1.R33x_v20070816"
         unpack="false"/>

   <plugin
         id="org.eclipse.equinox.jsp.jasper"
         download-size="0"
         install-size="0"
         version="1.0.1.R33x_v20070816"
         unpack="false"/>

   <plugin
         id="org.eclipse.equinox.jsp.jasper.registry"
         download-size="0"
         install-size="0"
         version="1.0.0.v20070607"
         unpack="false"/>

   <plugin
         id="org.eclipse.help.webapp"
         download-size="0"
         install-size="0"
         version="3.3.2.v20071102_33x"
         unpack="false"/>

   <plugin
         id="org.eclipse.help.base"
         download-size="0"
         install-size="0"
         version="3.3.1.v20070813_33x"
         unpack="false"/>

   <plugin
         id="org.eclipse.help.ui"
         download-size="0"
         install-size="0"
         version="3.3.2.v20071126_33x"
         unpack="false"/>

   <plugin
         id="org.eclipse.help.appserver"
         download-size="0"
         install-size="0"
         version="3.1.200.v20070510"
         unpack="false"/>

   <plugin
         id="org.eclipse.ltk.core.refactoring"
         download-size="0"
         install-size="0"
         version="3.3.1.r332_20080128"
         unpack="false"/>

   <plugin
         id="org.eclipse.ltk.ui.refactoring"
         download-size="0"
         install-size="0"
         version="3.3.1.r332_20080128"
         unpack="false"/>

   <plugin
         id="org.eclipse.platform"
         download-size="0"
         install-size="0"
         version="3.3.3.r33x_r20080129"/>

   <plugin
         id="org.eclipse.search"
         download-size="0"
         install-size="0"
         version="3.3.1.r331_v20070831-0800"
         unpack="false"/>

   <plugin
         id="org.eclipse.team.core"
         download-size="0"
         install-size="0"
         version="3.3.1.r33x_20080128"
         unpack="false"/>

   <plugin
         id="org.eclipse.team.ui"
         download-size="0"
         install-size="0"
         version="3.3.2.r33x_20080128"
         unpack="false"/>

   <plugin
         id="org.eclipse.tomcat"
         download-size="0"
         install-size="0"
         version="4.1.230.v20070531"/>

   <plugin
         id="org.eclipse.text"
         download-size="0"
         install-size="0"
         version="3.3.0.v20070606-0010"
         unpack="false"/>

   <plugin
         id="org.eclipse.jface.text"
         download-size="0"
         install-size="0"
         version="3.3.2.r332_20071017-0800"
         unpack="false"/>

   <plugin
         id="org.eclipse.jsch.core"
         download-size="0"
         install-size="0"
         version="1.0.0.I20070426"
         unpack="false"/>

   <plugin
         id="org.eclipse.ui.console"
         download-size="0"
         install-size="0"
         version="3.2.2.v20071031_r332"
         unpack="false"/>

   <plugin
         id="org.eclipse.ui.intro"
         download-size="0"
         install-size="0"
         version="3.2.101.v20070827_33x"
         unpack="false"/>

   <plugin
         id="org.eclipse.ui.cheatsheets"
         download-size="0"
         install-size="0"
         version="3.3.1.v20080125_33x"
         unpack="false"/>

   <plugin
         id="org.eclipse.ui.browser"
         download-size="0"
         install-size="0"
         version="3.2.100.v20070524A"
         unpack="false"/>

   <plugin
         id="org.eclipse.ui.navigator"
         download-size="0"
         install-size="0"
         version="3.3.2.M20080207-0800"
         unpack="false"/>

   <plugin
         id="org.eclipse.ui.navigator.resources"
         download-size="0"
         install-size="0"
         version="3.3.1.M20070831-2000"
         unpack="false"/>

   <plugin
         id="org.eclipse.ui.workbench.texteditor"
         download-size="0"
         install-size="0"
         version="3.3.2.r332_20080109-0800"
         unpack="false"/>

   <plugin
         id="org.eclipse.ui.views"
         download-size="0"
         install-size="0"
         version="3.2.101.M20080207-0800"
         unpack="false"/>

   <plugin
         id="org.eclipse.ui.editors"
         download-size="0"
         install-size="0"
         version="3.3.2.r332_20080109-0800"
         unpack="false"/>

   <plugin
         id="org.eclipse.ui.forms"
         download-size="0"
         install-size="0"
         version="3.3.0.v20070511"
         unpack="false"/>

   <plugin
         id="org.eclipse.ui.ide"
         download-size="0"
         install-size="0"
         version="3.3.2.M20080207-0800"
         unpack="false"/>

   <plugin
         id="org.eclipse.ui.ide.application"
         download-size="0"
         install-size="0"
         version="1.0.0.I20070530-0100"
         unpack="false"/>

   <plugin
         id="org.eclipse.ui.net"
         download-size="0"
         install-size="0"
         version="1.0.0.I20070516"
         unpack="false"/>

   <plugin
         id="org.eclipse.ui.win32"
         ws="win32"
         download-size="0"
         install-size="0"
         version="3.2.100.I20070319-0010"
         fragment="true"
         unpack="false"/>

   <plugin
         id="org.eclipse.update.core"
         download-size="0"
         install-size="0"
         version="3.2.101.R33x_v20070911"
         unpack="false"/>

   <plugin
         id="org.eclipse.update.scheduler"
         download-size="0"
         install-size="0"
         version="3.2.100.v20070615"
         unpack="false"/>

   <plugin
         id="org.eclipse.update.ui"
         download-size="0"
         install-size="0"
         version="3.2.100.v20070615"
         unpack="false"/>

   <plugin
         id="org.eclipse.ui.workbench.compatibility"
         download-size="0"
         install-size="0"
         version="3.2.0.I20070319-0010"
         fragment="true"/>

   <plugin
         id="org.eclipse.core.filesystem.linux.x86"
         os="linux"
         arch="x86"
         download-size="0"
         install-size="0"
         version="1.1.0.v20070416"
         fragment="true"
         unpack="false"/>

   <plugin
         id="org.eclipse.core.filesystem.win32.x86"
         os="win32"
         arch="x86"
         download-size="0"
         install-size="0"
         version="1.1.0.v20070510"
         fragment="true"
         unpack="false"/>

   <plugin
         id="org.eclipse.core.resources.win32"
         os="win32"
         download-size="0"
         install-size="0"
         version="3.3.0.v20070226"
         fragment="true"
         unpack="false"/>

   <plugin
         id="org.eclipse.update.core.linux"
         os="linux"
         download-size="0"
         install-size="0"
         version="3.2.0.v20070615"
         fragment="true"
         unpack="false"/>

   <plugin
         id="org.eclipse.update.core.win32"
         os="win32"
         download-size="0"
         install-size="0"
         version="3.2.100.v20070615"
         fragment="true"
         unpack="false"/>

   <plugin
         id="org.eclipse.ui.views.properties.tabbed"
         download-size="0"
         install-size="0"
         version="3.3.1.M20070831-0800"
         unpack="false"/>

   <plugin
         id="org.eclipse.core.runtime.compatibility.registry"
         download-size="0"
         install-size="0"
         version="3.2.100.v20070316"
         fragment="true"/>

   <plugin
         id="org.mortbay.jetty"
         download-size="0"
         install-size="0"
         version="5.1.11.v200706111724"
         unpack="false"/>

   <plugin
         id="com.ibm.icu"
         download-size="0"
         install-size="0"
         version="3.6.1.v20070906"
         unpack="false"/>

   <plugin
         id="org.eclipse.core.commands"
         download-size="0"
         install-size="0"
         version="3.3.0.I20070605-0010"
         unpack="false"/>

   <plugin
         id="org.eclipse.core.databinding"
         download-size="0"
         install-size="0"
         version="1.0.1.M20070822-0800"
         unpack="false"/>

   <plugin
         id="org.eclipse.core.databinding.beans"
         download-size="0"
         install-size="0"
         version="1.0.1.M20070910-0800b"
         unpack="false"/>

   <plugin
         id="org.eclipse.core.jobs"
         download-size="0"
         install-size="0"
         version="3.3.1.R33x_v20070709"
         unpack="false"/>

   <plugin
         id="org.eclipse.core.expressions"
         download-size="0"
         install-size="0"
         version="3.3.0.v20070606-0010"
         unpack="false"/>

   <plugin
         id="org.eclipse.core.runtime"
         download-size="0"
         install-size="0"
         version="3.3.100.v20070530"
         unpack="false"/>

   <plugin
         id="org.eclipse.core.runtime.compatibility.auth"
         download-size="0"
         install-size="0"
         version="3.2.100.v20070502"
         unpack="false"/>

   <plugin
         id="org.eclipse.osgi"
         download-size="0"
         install-size="0"
         version="3.3.2.R33x_v20080105"
         unpack="false"/>

   <plugin
         id="org.eclipse.help"
         download-size="0"
         install-size="0"
         version="3.3.2.v20071126_33x"
         unpack="false"/>

   <plugin
         id="org.eclipse.swt"
         download-size="0"
         install-size="0"
         version="3.3.2.v3349d"
         unpack="false"/>

   <plugin
         id="org.eclipse.jface"
         download-size="0"
         install-size="0"
         version="3.3.2.M20080207-0800"
         unpack="false"/>

   <plugin
         id="org.eclipse.jface.databinding"
         download-size="0"
         install-size="0"
         version="1.1.1.M20080207-0800"
         unpack="false"/>

   <plugin
         id="org.eclipse.ui"
         download-size="0"
         install-size="0"
         version="3.3.1.M20071128-0800"
         unpack="false"/>

   <plugin
         id="org.eclipse.ui.workbench"
         download-size="0"
         install-size="0"
         version="3.3.2.M20080207-0800"
         unpack="false"/>

   <plugin
         id="org.eclipse.update.configurator"
         download-size="0"
         install-size="0"
         version="3.2.101.R33x_v20070810"
         unpack="false"/>

   <plugin
         id="org.eclipse.swt.win32.win32.x86"
         os="win32"
         ws="win32"
         arch="x86"
         download-size="0"
         install-size="0"
         version="3.3.3.v3349"
         fragment="true"
         unpack="false"/>

   <plugin
         id="org.eclipse.swt.gtk.linux.x86"
         os="linux"
         ws="gtk"
         arch="x86"
         download-size="0"
         install-size="0"
         version="3.3.2.v3349"
         fragment="true"
         unpack="false"/>

   <plugin
         id="org.eclipse.rcp"
         download-size="0"
         install-size="0"
         version="3.2.1.r33x_r20080131"
         unpack="false"/>

   <plugin
         id="org.eclipse.core.contenttype"
         download-size="0"
         install-size="0"
         version="3.2.100.v20070319"
         unpack="false"/>

   <plugin
         id="org.eclipse.equinox.app"
         download-size="0"
         install-size="0"
         version="1.0.1.R33x_v20070828"
         unpack="false"/>

   <plugin
         id="org.eclipse.equinox.common"
         download-size="0"
         install-size="0"
         version="3.3.0.v20070426"
         unpack="false"/>

   <plugin
         id="org.eclipse.equinox.preferences"
         download-size="0"
         install-size="0"
         version="3.2.101.R33x_v20080117"
         unpack="false"/>

   <plugin
         id="org.eclipse.equinox.registry"
         download-size="0"
         install-size="0"
         version="3.3.1.R33x_v20070802"
         unpack="false"/>

   <plugin
         id="org.eclipse.equinox.launcher"
         download-size="0"
         install-size="0"
         version="1.0.1.R33x_v20080118"
         unpack="false"/>

   <plugin
         id="org.eclipse.equinox.launcher.gtk.linux.x86"
         os="linux"
         ws="gtk"
         arch="x86"
         download-size="0"
         install-size="0"
         version="1.0.3.R33x_v20080118"
         fragment="true"/>

   <plugin
         id="org.eclipse.equinox.launcher.win32.win32.x86"
         os="win32"
         ws="win32"
         arch="x86"
         download-size="0"
         install-size="0"
         version="1.0.3.R33x_v20080118"
         fragment="true"/>

   <plugin
         id="org.eclipse.ant.ui"
         download-size="0"
         install-size="0"
         version="3.2.200.v20070825_r331"
         unpack="false"/>

   <plugin
         id="org.eclipse.jdt.core"
         download-size="0"
         install-size="0"
         version="3.3.3.v_793_R33x"
         unpack="false"/>

   <plugin
         id="org.eclipse.jdt.core.manipulation"
         download-size="0"
         install-size="0"
         version="1.1.0.v20070606-0010"
         unpack="false"/>

   <plugin
         id="org.eclipse.jdt.debug"
         download-size="0"
         install-size="0"
         version="3.3.1.v20070719_r331"/>

   <plugin
         id="org.eclipse.jdt.launching"
         download-size="0"
         install-size="0"
         version="3.3.2.v20080115_r332"
         unpack="false"/>

   <plugin
         id="org.eclipse.jdt.ui"
         download-size="0"
         install-size="0"
         version="3.3.2.r332_20080128"
         unpack="false"/>

   <plugin
         id="org.eclipse.cvs"
         download-size="0"
         install-size="0"
         version="1.0.2.r33x_r20080129"
         unpack="false"/>

   <plugin
         id="org.eclipse.team.cvs.core"
         download-size="0"
         install-size="0"
         version="3.3.2.r33x_20080128"
         unpack="false"/>

   <plugin
         id="org.eclipse.team.cvs.ssh"
         download-size="0"
         install-size="0"
         version="3.2.100.I20061208"
         unpack="false"/>

   <plugin
         id="org.eclipse.team.cvs.ssh2"
         download-size="0"
         install-size="0"
         version="3.2.100.I20070604"
         unpack="false"/>

   <plugin
         id="org.eclipse.team.cvs.ui"
         download-size="0"
         install-size="0"
         version="3.3.1.r33x_20070807"
         unpack="false"/>

   <plugin
         id="org.eclipse.emf.common"
         download-size="0"
         install-size="0"
         version="2.3.2.v200802051830"
         unpack="false"/>

   <plugin
         id="org.eclipse.emf.common.ui"
         download-size="0"
         install-size="0"
         version="2.3.1.v200802051830"
         unpack="false"/>

   <plugin
         id="org.eclipse.emf.ecore"
         download-size="0"
         install-size="0"
         version="2.3.2.v200802051830"
         unpack="false"/>

   <plugin
         id="org.eclipse.emf.ecore.change"
         download-size="0"
         install-size="0"
         version="2.3.0.v200802051830"
         unpack="false"/>

   <plugin
         id="org.eclipse.emf.ecore.xmi"
         download-size="0"
         install-size="0"
         version="2.3.2.v200802051830"
         unpack="false"/>

   <plugin
         id="org.eclipse.emf.ecore.edit"
         download-size="0"
         install-size="0"
         version="2.3.1.v200802051830"
         unpack="false"/>

   <plugin
         id="org.eclipse.emf.commonj.sdo"
         download-size="0"
         install-size="0"
         version="2.3.0.v200802051830"
         unpack="false"/>

   <plugin
         id="org.eclipse.emf.ecore.sdo"
         download-size="0"
         install-size="0"
         version="2.3.0.v200802051830"
         unpack="false"/>

   <plugin
         id="org.eclipse.emf.edit"
         download-size="0"
         install-size="0"
         version="2.3.2.v200802051830"
         unpack="false"/>

   <plugin
         id="org.eclipse.emf.edit.ui"
         download-size="0"
         install-size="0"
         version="2.3.1.v200802051830"
         unpack="false"/>

   <plugin
         id="org.eclipse.emf.mapping"
         download-size="0"
         install-size="0"
         version="2.3.0.v200802051830"
         unpack="false"/>

   <plugin
         id="org.eclipse.emf.mapping.ecore2ecore"
         download-size="0"
         install-size="0"
         version="2.3.0.v200802051830"
         unpack="false"/>

   <plugin
         id="org.eclipse.emf.mapping.ecore2xml"
         download-size="0"
         install-size="0"
         version="2.3.0.v200802051830"
         unpack="false"/>

   <plugin
         id="org.eclipse.emf.mapping.ecore.editor"
         download-size="0"
         install-size="0"
         version="2.3.0.v200802051830"
         unpack="false"/>

   <plugin
         id="org.eclipse.emf.ocl"
         download-size="0"
         install-size="0"
         version="1.1.1.v200709121956"
         unpack="false"/>

   <plugin
         id="org.eclipse.emf.query"
         download-size="0"
         install-size="0"
         version="1.1.1.v200711281714"
         unpack="false"/>

   <plugin
         id="org.eclipse.emf.query.ocl"
         download-size="0"
         install-size="0"
         version="1.1.0.v200706071712"
         unpack="false"/>

   <plugin
         id="org.eclipse.emf.transaction"
         download-size="0"
         install-size="0"
         version="1.1.2.v200712061832"
         unpack="false"/>

   <plugin
         id="org.eclipse.emf.transaction.ui"
         download-size="0"
         install-size="0"
         version="1.0.100.v200706071723"
         unpack="false"/>

   <plugin
         id="org.eclipse.emf.validation"
         download-size="0"
         install-size="0"
         version="1.1.1.v200708161445"
         unpack="false"/>

   <plugin
         id="org.eclipse.emf.workspace"
         download-size="0"
         install-size="0"
         version="1.1.2.v200712061832"
         unpack="false"/>

   <plugin
         id="net.sourceforge.lpg.lpgjavaruntime"
         download-size="0"
         install-size="0"
         version="1.1.0.v200706111738"
         unpack="false"/>

   <plugin
         id="org.eclipse.ocl.ecore"
         download-size="0"
         install-size="0"
         version="1.1.0.v200706071450"
         unpack="false"/>

   <plugin
         id="org.eclipse.draw2d"
         download-size="0"
         install-size="0"
         version="3.2.100.v20070529"
         unpack="false"/>

   <plugin
         id="org.eclipse.gef"
         download-size="0"
         install-size="0"
         version="3.2.102.v20080116"
         unpack="false"/>

   <plugin
         id="org.eclipse.gmf.runtime.common.core"
         download-size="0"
         install-size="0"
         version="1.0.101.v20080118-1415"
         unpack="false"/>

   <plugin
         id="org.eclipse.gmf.runtime.common.ui"
         download-size="0"
         install-size="0"
         version="1.0.101.v20070921-0000"
         unpack="false"/>

   <plugin
         id="org.eclipse.gmf.runtime.common.ui.action"
         download-size="0"
         install-size="0"
         version="1.0.100.v20070809-0000"
         unpack="false"/>

   <plugin
         id="org.eclipse.gmf.runtime.common.ui.action.ide"
         download-size="0"
         install-size="0"
         version="1.0.1.v20070809-0000"
         unpack="false"/>

   <plugin
         id="org.eclipse.gmf.runtime.common.ui.services"
         download-size="0"
         install-size="0"
         version="1.0.100.v20070809-0000"
         unpack="false"/>

   <plugin
         id="org.eclipse.gmf.runtime.common.ui.services.action"
         download-size="0"
         install-size="0"
         version="1.0.100.v20070809-0000"
         unpack="false"/>

   <plugin
         id="org.eclipse.gmf.runtime.common.ui.services.dnd"
         download-size="0"
         install-size="0"
         version="1.0.1.v20070809-0000"
         unpack="false"/>

   <plugin
         id="org.eclipse.gmf.runtime.common.ui.services.dnd.ide"
         download-size="0"
         install-size="0"
         version="1.0.1.v20070809-0000"
         unpack="false"/>

   <plugin
         id="org.eclipse.gmf.runtime.common.ui.services.properties"
         download-size="0"
         install-size="0"
         version="1.0.2.v20071124-0000"
         unpack="false"/>

   <plugin
         id="org.eclipse.gmf.runtime.diagram.core"
         download-size="0"
         install-size="0"
         version="1.0.101.v20070915-0000"
         unpack="false"/>

   <plugin
         id="org.eclipse.gmf.runtime.diagram.ui"
         download-size="0"
         install-size="0"
         version="1.0.102.v20080201-0201"
         unpack="false"/>

   <plugin
         id="org.eclipse.gmf.runtime.diagram.ui.actions"
         download-size="0"
         install-size="0"
         version="1.0.101.v20080118-1129"
         unpack="false"/>

   <plugin
         id="org.eclipse.gmf.runtime.diagram.ui.dnd"
         download-size="0"
         install-size="0"
         version="1.0.1.v20070809-0000"
         unpack="false"/>

   <plugin
         id="org.eclipse.gmf.runtime.diagram.ui.geoshapes"
         download-size="0"
         install-size="0"
         version="1.0.1.v20070809-0000"
         unpack="false"/>

   <plugin
         id="org.eclipse.gmf.runtime.diagram.ui.properties"
         download-size="0"
         install-size="0"
         version="1.0.102.v20080118-1129"
         unpack="false"/>

   <plugin
         id="org.eclipse.gmf.runtime.diagram.ui.providers"
         download-size="0"
         install-size="0"
         version="1.0.101.v20080201-0201"
         unpack="false"/>

   <plugin
         id="org.eclipse.gmf.runtime.diagram.ui.providers.ide"
         download-size="0"
         install-size="0"
         version="1.0.1.v20070809-0000"
         unpack="false"/>

   <plugin
         id="org.eclipse.gmf.runtime.diagram.ui.render"
         download-size="0"
         install-size="0"
         version="1.0.101.v20071124-0000"
         unpack="false"/>

   <plugin
         id="org.eclipse.gmf.runtime.diagram.ui.resources.editor"
         download-size="0"
         install-size="0"
         version="1.0.3.v20070809-0000"
         unpack="false"/>

   <plugin
         id="org.eclipse.gmf.runtime.diagram.ui.resources.editor.ide"
         download-size="0"
         install-size="0"
         version="1.0.3.v20070809-0000"
         unpack="false"/>

   <plugin
         id="org.eclipse.gmf.runtime.draw2d.ui"
         download-size="0"
         install-size="0"
         version="1.0.101.v20080215-1200"
         unpack="false"/>

   <plugin
         id="org.eclipse.gmf.runtime.draw2d.ui.render"
         download-size="0"
         install-size="0"
         version="1.0.100.v20070809-0000"
         unpack="false"/>

   <plugin
         id="org.eclipse.gmf.runtime.draw2d.ui.render.awt"
         download-size="0"
         install-size="0"
         version="1.0.100.v20070928-0000"
         unpack="false"/>

   <plugin
         id="org.eclipse.gmf.runtime.emf.clipboard.core"
         download-size="0"
         install-size="0"
         version="1.0.100.v20070809-0000"
         unpack="false"/>

   <plugin
         id="org.eclipse.gmf.runtime.emf.commands.core"
         download-size="0"
         install-size="0"
         version="1.0.100.v20080114-2222"
         unpack="false"/>

   <plugin
         id="org.eclipse.gmf.runtime.emf.core"
         download-size="0"
         install-size="0"
         version="1.0.101.v20080201-0201"
         unpack="false"/>

   <plugin
         id="org.eclipse.gmf.runtime.emf.type.core"
         download-size="0"
         install-size="0"
         version="1.0.101.v20080114-2222"
         unpack="false"/>

   <plugin
         id="org.eclipse.gmf.runtime.emf.type.ui"
         download-size="0"
         install-size="0"
         version="1.0.1.v20070809-0000"
         unpack="false"/>

   <plugin
         id="org.eclipse.gmf.runtime.emf.ui"
         download-size="0"
         install-size="0"
         version="1.0.100.v20070809-0000"
         unpack="false"/>

   <plugin
         id="org.eclipse.gmf.runtime.emf.ui.properties"
         download-size="0"
         install-size="0"
         version="1.0.2.v20070809-0000"
         unpack="false"/>

   <plugin
         id="org.eclipse.gmf.runtime.gef.ui"
         download-size="0"
         install-size="0"
         version="1.0.1.v20070809-0000"
         unpack="false"/>

   <plugin
         id="org.eclipse.gmf.runtime.notation"
         download-size="0"
         install-size="0"
         version="1.0.101.v20080114-2222"
         unpack="false"/>

   <plugin
         id="org.eclipse.gmf.runtime.notation.providers"
         download-size="0"
         install-size="0"
         version="1.0.1.v20070809-0000"
         unpack="false"/>

   <plugin
         id="org.eclipse.gmf.runtime.common.ui.printing"
         download-size="0"
         install-size="0"
         version="1.0.1.v20070809-0000"
         unpack="false"/>

   <plugin
         id="org.eclipse.gmf.runtime.common.ui.printing.win32"
         download-size="0"
         install-size="0"
         version="1.0.2.v20070809-0000"
         fragment="true"
         unpack="false"/>

   <plugin
         id="org.eclipse.gmf.runtime.diagram.ui.printing"
         download-size="0"
         install-size="0"
         version="1.0.100.v20070809-0000"
         unpack="false"/>

   <plugin
         id="org.eclipse.gmf.runtime.diagram.ui.printing.render"
         download-size="0"
         install-size="0"
         version="1.0.1.v20070809-0000"
         unpack="false"/>

   <plugin
         id="org.apache.batik.dom.svg"
         download-size="0"
         install-size="0"
         version="1.6.0.v200706111724"
         unpack="false"/>

   <plugin
         id="org.apache.batik.bridge"
         download-size="0"
         install-size="0"
         version="1.6.0.v200706111724"
         unpack="false"/>

   <plugin
         id="org.apache.batik.dom"
         download-size="0"
         install-size="0"
         version="1.6.0.v200706111724"
         unpack="false"/>

   <plugin
         id="org.apache.batik.ext.awt"
         download-size="0"
         install-size="0"
         version="1.6.0.v200706111724"
         unpack="false"/>

   <plugin
         id="org.apache.batik.transcoder"
         download-size="0"
         install-size="0"
         version="1.6.0.v200706111724"
         unpack="false"/>

   <plugin
         id="org.apache.batik.svggen"
         download-size="0"
         install-size="0"
         version="1.6.0.v200706111724"
         unpack="false"/>

   <plugin
         id="org.apache.batik.util"
         download-size="0"
         install-size="0"
         version="1.6.0.v200706111724"
         unpack="false"/>

   <plugin
         id="org.w3c.dom.svg"
         download-size="0"
         install-size="0"
         version="1.1.0.v200706111724"
         unpack="false"/>

   <plugin
         id="org.apache.xerces"
         download-size="0"
         install-size="0"
         version="2.8.0.v200705301630"
         unpack="false"/>

   <plugin
         id="org.apache.xml.resolver"
         download-size="0"
         install-size="0"
         version="1.1.0.v200705310020"
         unpack="false"/>

   <plugin
         id="org.apache.batik.css"
         download-size="0"
         install-size="0"
         version="1.6.0.v200706111724"
         unpack="false"/>

   <plugin
         id="org.apache.batik.util.gui"
         download-size="0"
         install-size="0"
         version="1.6.0.v200706111724"
         unpack="false"/>

   <plugin
         id="org.apache.batik.parser"
         download-size="0"
         install-size="0"
         version="1.6.0.v200706111724"
         unpack="false"/>

   <plugin
         id="org.apache.batik.xml"
         download-size="0"
         install-size="0"
         version="1.6.0.v200706111724"
         unpack="false"/>

   <plugin
         id="org.w3c.css.sac"
         download-size="0"
         install-size="0"
         version="1.3.0.v200706111724"
         unpack="false"/>

   <plugin
         id="org.w3c.dom.smil"
         download-size="0"
         install-size="0"
         version="1.0.0.v200706111724"
         unpack="false"/>

   <plugin
         id="org.eclipse.uml2.common"
         download-size="0"
         install-size="0"
         version="1.3.1.v200707311200"
         unpack="false"/>

   <plugin
         id="org.eclipse.uml2.common.edit"
         download-size="0"
         install-size="0"
         version="1.3.0.v200706251652"
         unpack="false"/>

   <plugin
         id="org.eclipse.uml2.uml"
         download-size="0"
         install-size="0"
         version="2.1.1.v200707311200"
         unpack="false"/>

   <plugin
         id="org.eclipse.uml2.uml.edit"
         download-size="0"
         install-size="0"
         version="2.1.0.v200708301222"
         unpack="false"/>

</feature>
