<?xml version="1.0" encoding="UTF-8"?>
<feature
      id="org.eclipse.epf.base.feature"
      label="%featureName"
      version="1.5.0.v20081212-1737"
      provider-name="%providerName"
      plugin="org.eclipse.epf.base"
      image="eclipse_update_120.jpg">

   <description>
      %description
   </description>

   <copyright>
      %copyright
   </copyright>

   <license url="%licenseURL">
      %licenseText
   </license>

   <requires>
      <import plugin="org.eclipse.core.resources"/>
      <import plugin="org.eclipse.core.runtime"/>
      <import plugin="org.eclipse.draw2d"/>
      <import plugin="org.eclipse.gef"/>
      <import plugin="org.eclipse.ui.cheatsheets"/>
      <import plugin="org.eclipse.ui.forms"/>
      <import plugin="org.eclipse.ui.intro"/>
      <import plugin="org.eclipse.ui.views.properties.tabbed"/>
      <import plugin="org.eclipse.ui.workbench.texteditor"/>
      <import plugin="org.eclipse.team.cvs.ui"/>
      <import plugin="org.eclipse.search"/>
      <import plugin="org.eclipse.epf.common.ui"/>
      <import plugin="org.apache.ant"/>
      <import plugin="org.eclipse.ui"/>
      <import plugin="org.eclipse.emf.ecore.xmi"/>
      <import plugin="org.eclipse.emf.edit.ui"/>
      <import plugin="org.eclipse.epf.common"/>
      <import plugin="org.eclipse.emf.mapping.ecore2ecore"/>
      <import plugin="org.eclipse.emf.mapping.ecore2xml"/>
      <import plugin="org.eclipse.core.filebuffers"/>
      <import plugin="org.eclipse.jface.text"/>
      <import plugin="org.eclipse.ui.ide"/>
      <import plugin="org.eclipse.emf.ecore"/>
      <import plugin="com.ibm.icu"/>
      <import plugin="org.eclipse.help.base"/>
      <import plugin="org.apache.lucene"/>
      <import plugin="org.eclipse.emf.ecore.sdo"/>
      <import plugin="org.eclipse.emf.edit"/>
      <import plugin="org.eclipse.emf.validation"/>
      <import plugin="org.eclipse.epf.richtext"/>
      <import plugin="org.eclipse.gmf.runtime.draw2d.ui.render"/>
      <import plugin="org.eclipse.gmf.runtime.draw2d.ui.render.awt"/>
      <import plugin="org.eclipse.emf.transaction"/>
      <import plugin="org.eclipse.emf.workspace"/>
      <import plugin="org.eclipse.core.net"/>
      <import plugin="org.eclipse.ui.browser"/>
      <import plugin="org.eclipse.jface"/>
      <import plugin="org.eclipse.ui.views"/>
      <import plugin="org.eclipse.ui.workbench"/>
      <import plugin="org.eclipse.gmf.runtime.emf.core"/>
      <import plugin="org.eclipse.gmf.runtime.emf.commands.core"/>
      <import plugin="org.eclipse.gmf.runtime.emf.ui.properties"/>
      <import plugin="org.eclipse.gmf.runtime.diagram.ui"/>
      <import plugin="org.eclipse.gmf.runtime.diagram.ui.providers"/>
      <import plugin="org.eclipse.gmf.runtime.diagram.ui.providers.ide"/>
      <import plugin="org.eclipse.gmf.runtime.diagram.ui.render"/>
      <import plugin="org.eclipse.gmf.runtime.diagram.ui.resources.editor"/>
      <import plugin="org.eclipse.gmf.runtime.diagram.ui.resources.editor.ide"/>
      <import plugin="org.eclipse.gmf.runtime.notation.providers"/>
      <import plugin="org.eclipse.uml2.uml"/>
      <import plugin="org.eclipse.uml2.uml.edit"/>
      <import plugin="org.eclipse.emf.ecore.edit"/>
      <import plugin="org.eclipse.gmf.runtime.draw2d.ui"/>
      <import plugin="org.eclipse.gmf.runtime.diagram.ui.geoshapes"/>
      <import plugin="org.eclipse.gmf.runtime.diagram.ui.actions"/>
      <import plugin="org.eclipse.gmf.runtime.diagram.ui.printing"/>
      <import plugin="org.eclipse.gmf.runtime.diagram.ui.printing.render"/>
      <import plugin="org.eclipse.gmf.runtime.diagram.ui.properties"/>
   </requires>

   <plugin
         id="org.eclipse.epf.base"
         download-size="0"
         install-size="0"
         version="1.5.0.v20081126_1021"
         unpack="false"/>

   <plugin
         id="org.eclipse.epf.authoring.ui"
         download-size="0"
         install-size="0"
         version="1.5.0.v20081204-0104"
         unpack="false"/>

   <plugin
         id="org.eclipse.epf.dataexchange"
         download-size="0"
         install-size="0"
         version="1.5.0.v20080124-1611"
         unpack="false"/>

   <plugin
         id="org.eclipse.epf.diagram.model"
         download-size="0"
         install-size="0"
         version="1.5.0.v20081202-1607"
         unpack="false"/>

   <plugin
         id="org.eclipse.epf.export"
         download-size="0"
         install-size="0"
         version="1.5.0.v20081124-2117"
         unpack="false"/>

   <plugin
         id="org.eclipse.epf.export.msp"
         download-size="0"
         install-size="0"
         version="1.5.0.v20081118-0933"/>

   <plugin
         id="org.eclipse.epf.export.msp.ui"
         download-size="0"
         install-size="0"
         version="1.5.0.v20080124-1611"/>

   <plugin
         id="org.eclipse.epf.export.xml"
         download-size="0"
         install-size="0"
         version="1.5.0.v20081124-2117"
         unpack="false"/>

   <plugin
         id="org.eclipse.epf.import"
         download-size="0"
         install-size="0"
         version="1.5.0.v20081202-1649"
         unpack="false"/>

   <plugin
         id="org.eclipse.epf.import.xml"
         download-size="0"
         install-size="0"
         version="1.5.0.v20081117-1622"
         unpack="false"/>

   <plugin
         id="org.eclipse.epf.library"
         download-size="0"
         install-size="0"
         version="1.5.0.v20081204-1313"/>

   <plugin
         id="org.eclipse.epf.library.edit"
         download-size="0"
         install-size="0"
         version="1.5.0.v20081209-1356"
         unpack="false"/>

   <plugin
         id="org.eclipse.epf.library.persistence"
         download-size="0"
         install-size="0"
         version="1.5.0.v20080917-1157"
         unpack="false"/>

   <plugin
         id="org.eclipse.epf.library.ui"
         download-size="0"
         install-size="0"
         version="1.5.0.v20081124-2109"
         unpack="false"/>

   <plugin
         id="org.eclipse.epf.library.ui.xmi"
         download-size="0"
         install-size="0"
         version="1.5.0.v20081002_1743"
         unpack="false"/>

   <plugin
         id="org.eclipse.epf.library.xmi"
         download-size="0"
         install-size="0"
         version="1.5.0.v20081014-1842"
         unpack="false"/>

   <plugin
         id="org.eclipse.epf.msproject"
         download-size="0"
         install-size="0"
         version="1.5.0.v20080124-1611"
         unpack="false"/>

   <plugin
         id="org.eclipse.epf.publishing"
         download-size="0"
         install-size="0"
         version="1.5.0.v20081015-1758"/>

   <plugin
         id="org.eclipse.epf.publishing.ui"
         download-size="0"
         install-size="0"
         version="1.5.0.v20080829-1034"
         unpack="false"/>

   <plugin
         id="org.eclipse.epf.search"
         download-size="0"
         install-size="0"
         version="1.5.0.v20080924-1410"
         unpack="false"/>

   <plugin
         id="org.eclipse.epf.search.ui"
         download-size="0"
         install-size="0"
         version="1.5.0.v20080609-1943"
         unpack="false"/>

   <plugin
         id="org.eclipse.epf.services"
         download-size="0"
         install-size="0"
         version="1.2.0.v20080710-1154"
         unpack="false"/>

   <plugin
         id="org.eclipse.epf.ui"
         download-size="0"
         install-size="0"
         version="1.5.0.v20080402-1210"
         unpack="false"/>

   <plugin
         id="org.eclipse.epf.ui.intro"
         download-size="0"
         install-size="0"
         version="1.2.0.v20081027_1724"/>

   <plugin
         id="org.eclipse.epf.uma"
         download-size="0"
         install-size="0"
         version="1.5.0.v20080530-1721"
         unpack="false"/>

   <plugin
         id="org.eclipse.epf.uma.ecore"
         download-size="0"
         install-size="0"
         version="1.5.0.v20080709-1510"
         unpack="false"/>

   <plugin
         id="org.eclipse.epf.uma.edit"
         download-size="0"
         install-size="0"
         version="1.5.0.v20080805-1022"/>

   <plugin
         id="org.eclipse.epf.validation"
         download-size="0"
         install-size="0"
         version="1.5.0.v20080707-1107"
         unpack="false"/>

   <plugin
         id="org.eclipse.epf.xml.uma"
         download-size="0"
         install-size="0"
         version="1.2.0.v20080818-1648"
         unpack="false"/>

   <plugin
         id="org.eclipse.epf.diagram.ad"
         download-size="0"
         install-size="0"
         version="1.5.0.v20080819-1804"
         unpack="false"/>

   <plugin
         id="org.eclipse.epf.diagram.add"
         download-size="0"
         install-size="0"
         version="1.5.0.v20080915-1638"
         unpack="false"/>

   <plugin
         id="org.eclipse.epf.diagram.edit"
         download-size="0"
         install-size="0"
         version="1.5.0.v20080729-1853"
         unpack="false"/>

   <plugin
         id="org.eclipse.epf.diagram.wpdd"
         download-size="0"
         install-size="0"
         version="1.5.0.v20080904-1843"
         unpack="false"/>

   <plugin
         id="org.eclipse.epf.diagram.core"
         download-size="0"
         install-size="0"
         version="1.5.0.v20081212-1737"
         unpack="false"/>

   <plugin
         id="org.eclipse.epf.migration.diagram"
         download-size="0"
         install-size="0"
         version="1.5.0.v20080124-1611"
         unpack="false"/>

   <plugin
         id="org.eclipse.epf.diagram.ui"
         download-size="0"
         install-size="0"
         version="1.5.0.v20080917-1529"
         unpack="false"/>

   <plugin
         id="org.eclipse.epf.library.edit.ui"
         download-size="0"
         install-size="0"
         version="1.5.0.v20080625-1917"
         unpack="false"/>

   <plugin
         id="org.eclipse.epf.common.service"
         download-size="0"
         install-size="0"
         version="1.5.0.v20080801-1819"
         unpack="false"/>

   <plugin
         id="org.eclipse.epf.publishing.cmdline"
         download-size="0"
         install-size="0"
         version="1.5.0.v20080826-1929"/>

</feature>
